Datum,Argentinierstrasse,Donaukanal ,Langobardenstrasse,Lassallestrasse,Liesingbach,NeubaugÃ¼rtel,Opernring Innen,Opernring Aussen,Wienzeile,Margaritensteg,Operngasse ,Praterstern
20140101,234,277,68,377,99,235,478,231,242,154,436,522
20140102,548,327,167,629,155,655,1030,434,289,289,1047,908
20140103,608,396,180,762,149,657,1090,436,346,340,1172,992
20140104,360,207,129,306,82,437,631,289,180,251,721,510
20140105,320,235,95,428,123,373,600,247,210,233,604,527
20140106,442,479,159,1027,296,557,984,398,414,394,859,969
20140107,1251,541,265,994,187,1084,1732,876,472,572,2434,1410
20140108,1193,600,228,998,193,1078,1759,898,519,593,2519,1469
20140109,1277,535,214,949,190,1025,1814,906,465,585,2544,1396
20140110,1157,476,230,884,181,1017,1730,826,414,635,2261,1322
20140111,597,410,141,631,157,718,1092,439,357,495,1138,797
20140112,520,526,133,702,254,604,985,429,458,371,932,875
20140113,1321,579,219,1096,187,1122,1780,947,504,629,2479,1427
20140114,1286,540,204,1028,165,1018,1766,915,469,627,2505,1397
20140115,1329,559,232,1028,187,1106,2017,959,487,689,2628,1530
20140116,1276,533,205,1010,178,1122,1914,953,465,622,2503,1461
20140117,1117,559,202,967,193,1070,1820,877,487,602,2298,1401
20140118,492,298,92,487,94,604,855,411,259,379,973,660
20140119,534,552,150,846,238,581,1026,389,485,418,969,996
20140120,1191,559,208,922,183,934,1640,811,483,578,2346,1335
20140121,1109,366,138,757,123,774,1401,689,319,476,2084,1038
20140122,1235,415,202,840,130,908,1686,781,359,563,2314,1233
20140123,1185,447,169,864,128,935,1616,798,390,566,2330,1276
20140124,980,402,151,633,126,800,1065,513,348,447,1819,987
20140125,425,246,84,299,89,446,594,340,214,256,764,523
20140126,221,155,56,187,50,240,1280,168,133,149,409,331
20140127,558,226,127,483,36,424,1463,406,199,261,1207,739
20140128,713,250,124,587,71,557,1048,500,219,367,1482,858
20140129,765,283,174,564,55,580,958,512,245,313,1439,840
20140130,746,287,131,550,60,640,1101,586,250,345,1499,882
20140131,637,247,132,520,44,556,901,482,215,278,1240,751
20140201,252,94,35,177,27,319,367,194,84,163,498,292
20140202,141,74,44,117,15,198,230,145,68,88,304,184
20140203,502,206,94,404,16,445,673,387,182,205,1063,623
20140204,616,281,100,486,11,491,797,462,244,327,1266,799
20140205,649,266,108,529,15,543,853,473,233,355,1267,817
20140206,685,371,127,685,43,569,972,488,321,372,1430,891
20140207,660,329,144,592,78,615,968,508,287,349,1314,880
20140208,370,353,137,526,113,510,760,354,310,410,806,627
20140209,177,108,64,208,63,258,303,135,97,106,375,302
20140210,1117,506,236,987,170,911,1394,757,439,557,2003,1266
20140211,1035,346,191,823,115,871,1467,700,419,519,1979,1226
20140212,678,199,92,520,83,590,856,451,251,342,1279,781
20140213,1125,524,222,1107,197,972,1699,764,501,601,2247,1465
20140214,1017,402,221,983,164,887,1533,720,493,567,1958,1261
20140215,545,852,225,755,235,620,990,459,404,464,1063,936
20140216,412,514,117,505,131,403,632,320,232,253,584,617
20140217,1165,399,259,1019,165,947,1467,810,467,574,2068,1403
20140218,1283,466,210,1058,186,1073,1607,854,483,567,2332,1459
20140219,1062,324,192,830,148,831,1236,721,426,457,1881,1158
20140220,1328,658,266,1222,219,1041,1951,960,580,725,2464,1610
20140221,1201,694,276,1283,257,1111,1872,897,609,690,2194,1578
20140222,509,372,86,439,121,564,819,416,287,386,971,620
20140223,661,1452,231,1428,399,664,1568,523,833,630,1146,1389
20140224,1398,713,329,1549,326,1305,1627,1313,681,825,2678,1878
20140225,1458,780,317,1561,324,1382,1686,1499,748,888,2940,1988
20140226,1350,534,295,1262,199,1173,1417,1273,552,651,2668,1651
20140227,1355,616,283,1240,257,1265,1533,1398,640,752,2654,1744
20140228,1284,588,285,1325,269,1121,1408,1238,586,757,2399,1604
20140301,783,1153,220,1063,362,885,1439,576,630,733,1414,1250
20140302,732,1393,262,1382,460,749,1531,644,732,696,1310,1438
20140303,1404,490,263,1241,228,1190,1901,1133,584,730,2745,1676
20140304,1108,363,214,1002,107,1049,1578,799,412,562,2170,1416
20140305,1599,756,305,1495,305,1586,2348,1212,717,939,3290,2079
20140306,1335,414,225,1127,181,1238,1861,1061,511,673,2702,1618
20140307,1298,671,298,1256,252,1308,1975,1055,592,721,2677,1761
20140308,927,1428,272,1374,468,1139,1955,828,765,1029,1836,1581
20140309,936,2097,403,2260,903,1155,2123,791,1177,1013,1758,2147
20140310,1839,815,403,1719,350,1624,2868,1494,841,1060,3734,2281
20140311,1986,1147,446,2211,436,1844,3297,1650,994,1359,4141,2767
20140312,2048,1164,426,2256,460,1816,3326,1664,1041,1349,4168,2787
20140313,2105,1206,479,2245,454,1962,3536,1733,1093,1464,4536,2805
20140314,1975,1752,599,2612,639,2012,3612,1747,1144,1458,4205,3015
20140315,417,536,88,411,93,672,768,419,235,463,943,677
20140316,320,189,53,257,39,367,490,267,142,318,612,436
20140317,1711,664,347,1440,208,1452,2624,1315,706,1010,3683,2027
20140318,2231,1342,486,2405,507,2003,3739,1790,1110,1365,4618,2935
20140319,1670,521,339,1474,278,1418,2341,1268,647,795,3388,1948
20140320,2333,1505,579,2670,734,2193,4061,1968,1256,1540,4835,3227
20140321,2154,1880,582,2923,748,2315,4184,1817,1402,1648,4412,3245
20140322,1416,2955,482,3164,1043,1710,3365,1318,1543,1478,2702,2881
20140323,400,365,131,453,93,445,647,329,191,277,691,590
20140324,1170,292,178,916,149,1017,1710,998,408,642,2625,1368
20140325,1795,732,326,1571,292,1642,2679,1443,745,1000,3616,2122
20140326,1945,963,407,1941,377,1825,3275,1646,886,1157,4125,2517
20140327,2067,1058,463,2162,414,2001,3685,1861,974,1226,4437,2809
20140328,1993,1433,569,2294,622,2081,3850,1746,1158,1416,4103,2840
20140329,1320,2517,508,3044,984,1684,3367,1366,1387,1432,2847,2772
20140330,1425,3220,757,4352,1405,1513,3671,1259,1744,1548,2584,3492
20140331,2333,1255,607,2609,594,2164,3936,1906,1194,1478,4636,3099
20140401,2422,1488,612,2768,646,2348,4224,2135,1371,1658,5273,3505
20140402,2478,1378,609,2763,586,2351,4511,2177,1203,1677,5328,3431
20140403,2600,1703,713,3097,623,2645,4870,2342,1433,1782,5652,3696
20140404,2118,1254,578,2343,519,2216,3872,1953,1077,1554,4585,2951
20140405,1310,1983,446,2422,724,1630,3505,1610,1177,1464,3033,2437
20140406,1078,1663,420,1969,534,936,3039,1264,809,976,2387,2034
20140407,2555,1731,741,3398,734,2431,4826,2331,1498,1730,5432,3900
20140408,2307,1525,647,2849,565,2241,4181,2054,1180,1618,5187,3297
20140409,1862,810,373,1799,241,1844,3108,1589,749,1118,4005,2416
20140410,1267,374,270,1185,158,1147,1826,1074,455,675,2689,1750
20140411,1928,1270,465,2230,481,1992,3667,1790,1009,1411,4036,2710
20140412,1189,1706,412,2239,592,1618,3258,1579,1046,1263,2583,2270
20140413,780,1155,219,1341,326,940,1678,1035,656,905,1638,1502
20140414,1212,558,239,1441,242,1126,1865,1039,547,773,2415,1696
20140415,883,300,191,939,108,764,1130,660,283,428,1672,1177
20140416,1120,535,204,1210,156,1093,1821,911,450,650,2152,1499
20140417,1379,1068,377,1917,320,1450,2432,1164,766,963,2870,2133
20140418,1274,1662,491,2337,598,1517,2656,1255,1022,1219,2514,2483
20140419,677,1267,259,1287,457,835,1544,665,728,711,1373,1163
20140420,539,1026,212,1284,338,596,1462,549,668,582,1090,1246
20140421,645,1326,279,1368,477,781,1623,614,757,621,1243,1394
20140422,1497,940,394,1836,425,1688,2676,1330,899,999,3065,2326
20140423,2629,1862,688,3395,732,2570,4408,2202,1548,1773,5037,3911
20140424,2311,1504,538,2714,612,2189,4011,1973,1156,1477,4531,3189
20140425,1459,699,347,1490,234,1373,2591,1137,632,945,2718,1895
20140426,745,954,199,1288,296,1085,1715,765,585,818,1492,1425
20140427,1646,3842,817,4715,1531,1825,4129,1650,2052,1743,3064,3983
20140428,2495,1505,670,3012,600,2353,4362,2206,1379,1654,5268,3491
20140429,2026,906,459,2208,345,1959,3482,1760,924,1257,4410,2732
20140430,2835,1988,716,3891,664,2664,5234,2510,1582,1906,5885,4134
20140501,1858,4169,780,6253,1305,1669,5067,1916,1838,1965,3671,5114
20140502,2135,2491,725,3943,894,2080,4377,1972,1723,1702,4256,3878
20140503,548,361,128,563,105,835,1124,606,302,443,1225,807
20140504,897,1855,269,1909,526,1172,2243,912,1014,958,1832,1874
20140505,2516,1389,571,2871,606,2452,4205,2114,1355,1519,5149,3471
20140506,2980,2120,701,3797,854,2618,5395,2488,1728,1958,6014,4319
20140507,2046,995,481,2148,404,1817,3332,1657,954,1211,4191,2697
20140508,2853,1825,622,3500,661,2646,5485,2362,1666,1764,5991,3907
20140509,2125,1210,509,2628,438,2052,4344,2132,1101,1482,4348,3063
20140510,1514,2233,481,3312,810,1628,3793,1782,1356,1481,2958,3079
20140511,278,250,84,467,89,383,619,308,166,223,566,604
20140512,2350,1223,496,2637,443,2096,3896,2016,1235,1544,4910,3179
20140513,1938,939,390,2062,296,1732,3203,1657,875,1215,4164,2540
20140514,2119,989,330,1908,306,2012,3553,1766,942,1233,4460,2609
20140515,727,235,102,608,77,623,951,541,262,377,1487,856
20140516,455,127,86,400,33,424,556,357,142,215,841,575
20140517,492,331,115,551,86,622,936,478,210,402,1000,735
20140518,565,694,118,803,123,672,1402,570,401,438,1094,1015
20140519,2416,1441,589,2950,517,2216,4378,2019,1310,1718,4956,3404
20140520,3230,2710,824,4654,975,2944,6363,2797,2133,2386,6819,5266
20140521,3367,2751,886,4999,989,3245,6434,2912,2019,2489,7128,4983
20140522,3260,2614,857,5037,907,3192,6187,2927,1968,2392,7030,5229
20140523,2885,2544,764,4703,808,2850,5840,2683,1744,2218,6032,4820
20140524,1370,1975,463,2583,556,1574,3314,1474,1130,1398,2902,2662
20140525,1913,3674,772,5952,1165,1653,4548,1661,1927,1952,3374,4951
20140526,2488,1476,668,3169,590,2385,4579,2162,1368,1668,5481,3672
20140527,2205,1162,534,2468,416,2004,3756,1914,1155,1365,4730,3101
20140528,1720,660,348,1697,237,1571,2709,1504,683,1050,3620,2171
20140529,424,789,135,688,156,606,857,435,412,346,860,871
20140530,1455,1220,337,1823,283,1489,2976,1363,820,1031,3148,2243
20140531,1090,2005,417,2393,489,1392,3232,1259,1067,1239,2468,2166
20140601,1330,2496,468,2964,722,1358,2938,1098,1419,1121,2316,2637
20140602,2730,1817,753,3405,685,2644,4680,2236,1537,1847,5754,3966
20140603,2835,1976,706,3408,637,2686,4962,2350,1582,2103,5948,4098
20140604,3126,2493,832,4295,817,3191,5949,2948,1986,2427,6851,4777
20140605,2659,1659,618,3028,511,2572,4584,2339,1272,1829,5648,3640
20140606,2955,2935,883,4970,829,2750,5754,2534,1863,2242,6171,4836
20140607,1620,2942,653,5680,951,1879,3823,1872,1455,1775,3278,4246
20140608,1576,3733,622,7454,949,1431,3874,1480,1415,1543,2971,4905
20140609,1477,4030,818,8010,1055,1575,3825,1619,1394,1444,2863,5273
20140610,2735,2230,864,6232,788,2790,5093,2596,1789,2053,5819,5540
20140611,2948,2267,933,6110,681,2952,5458,2685,1795,2140,6593,5740
20140612,2754,2004,678,4011,592,2868,5263,2617,1511,2048,6018,4483
20140613,2884,2068,763,4676,692,2919,5727,2730,1625,2109,6129,4795
20140614,1727,1735,511,2910,582,1866,3570,1679,1144,1332,3565,2886
20140615,1656,3095,634,3963,1036,1842,3920,1528,1625,1484,3167,3848
20140616,2927,2328,835,3893,782,2906,5402,2659,1899,2234,6482,4554
20140617,3151,2301,850,4509,771,3146,5891,2884,1791,2204,6863,4983
20140618,3080,2184,890,4463,731,3060,5765,2856,1880,2225,6762,4848
20140619,1691,3615,838,6394,1208,1978,3433,2314,1804,1807,3309,4728
20140620,1439,811,310,2077,273,1660,3269,1575,791,1204,3290,2643
20140621,1289,1587,468,2470,529,1841,3116,1386,1288,1270,2663,2432
20140622,1654,3742,755,5963,1254,1702,3987,1617,1933,1694,3341,4613
20140623,3150,2416,872,5078,811,3023,5634,2717,1841,2145,6465,5133
20140624,2834,1889,701,3581,636,2816,5569,2552,1543,2030,6116,4140
20140625,2664,1496,557,3247,501,2525,4291,2286,1259,1554,5263,3845
20140626,2619,1759,534,3163,590,2529,4727,2341,1544,1798,5790,3688
20140627,2637,2283,731,4544,764,2939,5062,2539,1754,2011,5627,4524
20140628,1527,2239,586,4731,750,1927,3764,1620,1353,1500,3108,3791
20140629,1122,1999,543,3925,667,1180,2439,1123,1111,1110,2135,2999
20140630,740,373,173,979,124,1008,1261,723,389,570,1789,1265
20140701,2736,2278,685,4165,765,2906,5266,2439,1889,2121,5805,4576
20140702,1828,1338,534,2441,479,1921,3080,1607,1046,1203,3889,2767
20140703,2756,2564,686,4695,833,2775,5197,2593,1788,2086,5775,4830
20140704,2500,2822,728,5154,676,2621,4675,2323,1601,1984,5299,4793
20140705,1084,1115,364,2027,427,1377,2179,1048,881,1003,2255,1943
20140706,1598,4124,706,7571,854,1586,3542,1615,1697,1559,2862,4953
20140707,2752,3335,749,6122,758,2611,4831,2429,1785,1920,5472,5504
20140708,2341,2149,608,3931,577,2448,4162,2235,1497,1743,4826,4083
20140709,2083,1364,431,2482,322,2182,3441,1856,1026,1389,4133,3078
20140710,2351,1871,639,3414,565,2460,4096,2081,1474,1627,4828,3811
20140711,679,446,134,807,53,822,1041,597,344,428,1399,1000
20140712,1142,1728,473,3161,707,1547,3051,1411,1209,1363,2449,2699
20140713,893,1436,457,2616,650,1204,2475,1163,1067,1099,1916,2281
20140714,1912,2161,606,3956,687,2728,4466,2150,1665,1746,4993,4084
20140715,2497,2775,618,5062,833,2829,4993,2405,1880,1943,5558,4911
20140716,2674,3561,730,6482,851,2703,5158,2529,1915,2073,5731,5484
20140717,2545,3201,695,5844,792,2706,4979,2473,1717,1926,5478,5104
20140718,2105,3097,664,5668,656,2446,4745,2305,1668,1850,4502,4856
20140719,1400,3406,671,6219,536,1549,3430,1566,1148,1319,2804,4456
20140720,1185,3775,545,6885,608,1257,3154,1448,1155,1153,2305,4450
20140721,2013,1892,604,3450,530,1902,3595,1763,1236,1341,4009,3457
20140722,1667,983,382,2058,285,1578,2936,1558,878,1012,3401,2426
20140723,2362,1747,530,3293,487,2222,4036,1940,1184,1554,4413,3571
20140724,2729,2731,625,4657,744,2568,5139,2375,1706,2010,5439,4520
20140725,2457,2479,726,4210,635,2225,4865,2277,1596,1898,4988,4140
20140726,1580,2956,612,4933,628,1526,3927,1798,1287,1526,3631,3668
20140727,1342,2798,555,3554,676,1286,3023,1311,1219,1127,2411,2912
20140728,1781,1270,484,2577,368,1892,3149,1620,1012,1240,3463,3327
20140729,2219,1813,664,3231,523,2203,3869,2161,1210,1556,4205,3626
20140730,2008,1763,507,2838,513,1970,3416,1884,1219,1364,3904,3105
20140731,1587,1202,364,2188,235,1695,2947,1411,902,1007,3234,2555
20140801,1947,2072,564,3198,540,2011,4065,1811,1437,1426,3832,3204
20140802,1508,3250,641,5611,737,1647,3689,1657,1392,1462,2811,4156
20140803,1045,2537,473,3580,581,1096,2786,1175,1028,944,1970,2693
20140804,2214,1868,628,3979,738,2495,4062,2174,1506,1692,4213,3965
20140805,2559,2238,632,4275,722,2574,4565,2408,1691,1797,4991,4486
20140806,2578,2511,647,4354,749,2658,4696,2456,1711,1793,4947,4384
20140807,2498,2849,758,5371,887,2685,5181,2493,1821,1973,5061,4922
20140808,2235,2768,655,5694,720,2320,4769,2378,1612,1805,4438,4859
20140809,1306,3020,499,5718,564,1565,3773,1609,1219,1383,2567,4048
20140810,1508,3569,637,6610,872,1442,3883,1491,1550,1416,2717,4430
20140811,1822,1725,482,3487,532,2044,3385,1829,1195,1250,3678,3491
20140812,1316,921,251,1766,205,1357,2265,1332,704,847,2586,2084
20140813,1631,1202,354,2259,308,1636,2912,1580,819,1095,3221,2337
20140814,1644,1705,421,2574,391,1716,3145,1595,988,1236,3304,2682
20140815,1049,2917,582,3562,731,897,2871,1212,1350,1053,1994,2610
20140816,942,1481,334,1909,337,804,2382,1073,889,1006,1867,1894
20140817,1214,3126,514,3832,896,1265,3495,1244,1517,1298,2382,3026
20140818,2233,2548,764,4885,820,2418,4233,2101,1663,1804,4279,4293
20140819,2019,1803,549,3171,570,2163,4521,1858,1297,1563,4006,3404
20140820,1665,1170,442,2374,374,1819,3542,1464,985,1176,3424,2699
20140821,1642,1754,357,2550,399,1937,4332,1788,1152,1450,3482,2877
20140822,1855,2178,581,3107,575,2139,4509,1854,1384,1591,3867,3244
20140823,928,2100,322,1920,575,1282,2385,983,960,1019,1925,1953
20140824,911,1893,298,1858,513,1126,2232,916,1040,862,1706,1900
20140825,2291,2285,611,3958,801,2425,5071,2092,1729,1705,4606,4078
20140826,1604,1047,346,2014,318,1793,3779,1579,895,1109,3378,2670
20140827,1938,1293,445,2368,417,1873,4145,1714,1002,1259,3913,3024
20140828,2441,2669,637,4053,881,2487,5225,2155,1815,1834,4934,4299
20140829,2202,2866,737,4423,765,2319,5089,2097,1718,1813,4428,4399
20140830,438,552,136,744,90,710,1273,517,248,460,958,1023
20140831,908,1952,345,1902,573,950,1980,816,906,769,1539,2071
20140901,435,180,62,504,59,533,749,310,166,215,832,617
20140902,717,220,126,777,75,616,1152,474,254,325,1296,991
20140903,1742,1089,417,2102,247,1706,3639,1505,861,1134,3360,2547
20140904,2442,2166,621,3531,556,2416,5138,2126,1502,1753,4776,3766
20140905,2535,2486,669,4017,703,2358,5364,2223,1735,1939,4997,4306
20140906,1408,2396,452,2702,649,1591,3271,1350,1180,1346,2805,2593
20140907,1300,2896,451,3038,752,1257,3171,1288,1426,1256,2515,2804
20140908,2554,2231,705,3985,730,2498,5387,2204,1736,1796,5169,4312
20140909,2564,1823,644,3496,656,2544,5549,2289,1504,1822,5012,4057
20140910,2582,1892,661,3216,552,2556,5295,2178,1536,1699,5118,4004
20140911,1070,504,175,1078,119,974,1786,752,434,531,1926,1430
20140912,1098,827,240,1236,205,1144,2515,1025,518,748,2354,1762
20140913,447,349,125,624,83,656,1325,547,240,438,921,781
20140914,727,1316,271,1516,316,795,2252,925,689,774,1587,1534
20140915,1884,1226,466,2306,363,1819,3740,1544,1022,1258,3752,2848
20140916,2326,1627,602,2878,504,2272,4788,1981,1328,1532,4695,3541
20140917,2526,2173,566,3499,607,2443,5220,2142,1613,1825,5195,3943
20140918,2415,1937,555,3029,538,2375,4328,2051,1452,1674,4855,3635
20140919,2242,1816,596,2633,487,2190,4138,2041,1260,1614,4303,3289
20140920,1426,2436,522,3355,622,1687,4281,1630,1252,1563,3168,2999
20140921,1486,3723,604,3496,911,1342,3644,1466,1478,1312,2682,3006
20140922,1717,639,400,1782,253,1583,2873,1376,803,1016,3599,2332
20140923,1788,810,346,1873,247,1696,2838,1473,857,1010,3695,2492
20140924,2252,1581,485,4427,459,2114,3746,1802,1296,1375,4718,3218
20140925,1852,931,372,2619,331,1719,2828,1522,756,1088,3813,2466
20140926,1462,767,342,2151,231,1289,2471,1310,658,926,2914,2047
20140927,858,706,272,2024,280,948,1821,940,430,714,1840,1409
20140928,1300,2928,619,8229,935,1259,3328,1209,1539,1331,2507,2836
20140929,2276,1559,571,4363,563,2120,3883,1775,1417,1541,4664,3281
20140930,2395,1474,498,3065,543,2249,4018,2202,1347,1674,4945,3604
20141001,1395,468,257,1337,145,1207,2004,1177,522,732,2835,1741
20141002,2073,1193,403,2137,334,1956,3617,1834,959,1301,4385,2841
20141003,2124,1479,543,1755,451,1959,3825,1959,1172,1499,4464,3006
20141004,1106,1185,326,1418,368,1191,2419,1179,771,981,2272,1655
20141005,1122,2124,409,2561,618,1113,2455,1173,1188,1022,2129,2402
20141006,2388,1219,488,2552,421,2241,3831,1943,1131,1464,4924,3018
20141007,2202,983,394,2087,364,2082,3497,2031,1031,1412,5057,2753
20141008,2374,1126,461,2312,358,2129,3834,2038,1109,1392,5111,2951
20141009,2324,1588,494,2796,444,2349,4223,2132,1264,1585,5432,3314
20141010,2278,1398,499,2538,463,2224,4072,2046,1274,1525,4849,3103
20141011,952,1036,241,1220,488,1271,2327,1028,720,993,2239,1433
20141012,1357,2942,576,3331,1394,1495,3285,1419,1669,1338,2528,3039
20141013,2308,1030,516,2296,483,2166,3541,1853,1036,1320,4776,2969
20141014,2717,1466,683,2914,522,2448,4439,2245,1338,1702,5517,3475
20141015,2403,1105,587,2356,442,2275,3874,2060,1148,1467,5195,3124
20141016,2483,1242,578,2566,440,2367,3954,2087,1136,1582,5173,3134
20141017,921,279,193,877,108,943,1393,800,361,508,1806,1260
20141018,1303,2077,595,2512,587,1501,2915,1288,1174,1322,2495,2332
20141019,1174,2574,714,2825,827,1327,2583,1122,1400,1215,2377,2387
20141020,2264,1172,564,2274,450,2053,3350,1947,1104,1405,4605,2826
20141021,1824,769,364,1730,260,1606,2841,1462,710,1055,3648,2202
20141022,1339,326,219,1150,112,1061,1752,999,413,603,2626,1460
20141023,1164,317,202,952,99,915,1502,942,386,526,2321,1345
20141024,1365,536,302,1145,187,1275,2125,1182,585,811,2854,1679
20141025,701,689,233,823,210,865,1504,769,444,578,1574,1225
20141026,660,862,247,851,196,693,1747,797,472,486,1352,1059
20141027,1773,650,382,1662,285,1584,2673,1438,743,939,3499,2108
20141028,1876,724,339,1741,254,1601,2829,1635,803,1032,3559,2320
20141029,1832,702,323,1668,240,1614,2805,1633,719,1009,3740,2155
20141030,1799,639,364,1551,253,1550,2740,1652,669,907,3640,2163
20141031,1602,743,372,1425,271,1516,2499,1426,640,899,3175,1954
20141101,764,1398,310,1330,402,916,1792,826,794,790,1517,1344
20141102,571,564,182,651,175,652,1183,630,404,431,995,885
20141103,1669,536,310,1482,229,1459,2491,1377,613,783,3396,1983
20141104,2198,1015,394,1970,383,1748,3400,1838,953,1208,4345,2564
20141105,2137,1119,388,2096,332,1881,3610,1887,1015,1212,4605,2712
20141106,1801,624,308,1492,214,1523,2861,1941,682,903,3814,2155
20141107,1218,437,250,1089,179,1142,1824,1063,463,678,2559,1477
20141108,760,374,121,466,127,717,975,577,225,496,1224,802
20141109,927,1420,217,1619,313,853,1733,911,825,620,1609,1625
20141110,1932,1006,408,1987,377,1786,2985,1618,923,1165,4015,2473
20141111,1929,1092,373,2070,400,1787,3161,1803,963,1149,4328,2620
20141112,1875,762,345,1887,320,1736,2954,1660,810,1106,4239,2339
20141113,1750,555,306,1644,254,1563,2801,1493,701,931,3832,2191
20141114,1728,835,361,1597,330,1528,2594,1533,735,947,3444,2226
20141115,721,540,165,781,166,968,1495,748,377,587,1492,1062
20141116,598,560,154,626,158,647,1126,626,325,407,1112,885
20141117,1553,465,273,1258,203,1260,2002,1267,560,667,3032,1818
20141118,883,169,119,613,56,699,1026,785,279,347,1798,1031
20141119,1730,548,240,1372,217,1366,2265,1457,599,694,3351,1941
20141120,1666,558,283,1356,243,1448,2407,1477,650,751,3477,1980
20141121,1503,537,282,1238,239,1303,2258,1361,654,644,3125,1777
20141122,683,452,154,560,173,768,1295,695,379,464,1339,837
20141123,611,874,164,852,221,667,1095,584,527,349,1194,957
20141124,1461,397,276,1116,208,1179,1811,1225,534,591,2841,1652
20141125,1480,334,231,1047,171,1080,1868,1197,488,557,2750,1556
20141126,1575,525,276,1263,217,1308,2120,1332,545,608,3182,1783
20141127,1474,404,192,1084,169,1136,2017,1324,472,531,2974,1579
20141128,1119,275,174,832,85,865,1520,947,328,395,2095,1203
20141129,390,181,93,353,73,400,595,374,194,187,786,470
20141130,345,190,83,295,72,375,454,290,141,177,589,401
20141201,635,132,97,430,51,503,702,461,186,254,1182,654
20141202,908,189,153,662,74,766,1141,749,297,345,1783,1072
20141203,1108,241,160,820,79,815,1349,900,344,369,2165,1176
20141204,1323,393,220,1026,127,1032,1827,1054,390,469,2548,1460
20141205,1137,365,221,911,144,961,1505,972,421,445,2286,1227
20141206,414,170,80,279,40,485,612,353,225,329,872,470
20141207,185,124,50,163,20,241,279,208,76,139,434,268
20141208,483,445,113,458,78,479,808,484,274,245,986,624
20141209,1406,509,212,1063,156,1065,1828,1079,553,536,2722,1500
20141210,1374,419,209,1020,133,1076,1874,1173,445,555,2692,1463
20141211,1420,426,209,1062,155,1130,1961,1214,479,518,2764,1515
20141212,1309,511,226,1210,172,1128,2013,1173,574,577,2706,1543
20141213,662,581,127,622,114,714,1144,601,400,413,1411,866
20141214,486,395,107,440,95,427,698,432,270,234,877,577
20141215,1226,375,216,948,144,1017,1714,1032,461,445,2490,1398
20141216,1172,304,188,875,135,942,1658,1087,412,465,2496,1328
20141217,1375,403,243,1016,149,1176,1930,1108,455,539,2746,1610
20141218,1393,408,246,1019,140,1147,2020,1183,509,574,2899,1634
20141219,1389,582,240,1136,203,1143,2080,1123,541,687,2680,1645
20141220,666,681,157,662,165,726,1104,608,382,514,1336,888
20141221,432,411,106,448,93,404,733,390,276,282,740,584
20141222,917,250,147,669,125,792,1241,732,338,330,1746,1070
20141223,806,423,210,727,132,718,1143,733,352,361,1670,1129
20141224,315,325,118,430,95,295,459,263,189,170,595,508
20141225,112,93,59,142,25,131,214,118,77,46,286,226
20141226,154,206,75,298,70,184,319,153,157,98,319,306
20141227,213,166,95,199,95,228,349,202,99,141,417,297
20141228,73,65,45,106,21,66,135,74,50,58,175,133
20141229,166,79,59,189,14,124,223,145,69,56,372,285
20141230,209,86,66,211,15,158,298,164,88,73,865,346
20141231,130,109,60,192,17,124,242,97,70,88,317,257
20150101,77,75,55,115,9,74,203,94,80,73,697,253
20150102,268,200,113,420,44,290,444,271,154,111,692,523
20150103,241,263,97,269,80,310,416,201,137,151,541,328
20150104,149,130,38,217,28,155,270,138,92,84,350,298
20150105,257,109,66,280,16,213,356,213,85,129,536,407
20150106,212,341,107,412,30,206,450,190,159,132,495,508
20150107,671,206,133,566,79,497,823,458,212,227,1318,887
20150108,627,166,105,469,37,467,697,441,182,173,1209,717
20150109,812,283,147,639,60,623,1084,598,270,252,1557,1000
20150110,388,293,70,287,44,445,624,339,169,237,751,435
20150111,296,144,61,196,24,270,536,272,109,120,541,336
20150112,1125,337,193,837,120,872,1334,854,407,374,2132,1217
20150113,1375,607,229,1245,191,1149,1885,1067,599,476,2676,1682
20150114,1244,340,200,931,141,937,1498,915,438,425,2361,1410
20150115,1326,440,217,1020,162,1088,1771,1016,469,538,2574,1519
20150116,1118,419,230,969,124,929,1637,943,465,433,2297,1375
20150117,439,367,103,405,88,507,762,406,248,277,888,654
20150118,456,523,137,508,94,442,814,379,282,247,798,723
20150119,1253,339,240,980,161,991,1558,891,452,388,2341,1420
20150120,1236,399,230,986,150,972,1589,974,434,405,2417,1490
20150121,1294,405,219,1013,124,982,1581,984,501,439,2416,1489
20150122,1317,379,229,962,162,1023,1749,1043,503,472,2548,1464
20150123,1025,282,181,811,114,930,1418,851,350,365,2114,1191
20150124,400,293,68,303,74,445,661,378,169,200,869,528
20150125,186,87,51,143,10,193,287,150,69,86,358,237
20150126,1025,304,199,811,32,742,1354,765,357,307,1988,1278
20150127,687,167,99,500,46,487,891,572,190,211,1342,798
20150128,1096,410,171,883,75,789,1411,753,379,394,2213,1384
20150129,945,250,136,713,69,736,1285,735,282,293,1844,1125
20150130,654,163,95,511,39,470,529,339,210,203,1293,801
20150131,402,408,102,398,57,470,735,359,232,227,810,608
20150201,305,320,72,367,40,379,554,250,182,136,585,496
20150202,838,310,167,731,76,711,1183,689,318,303,1646,1102
20150203,908,359,141,926,130,844,1399,790,440,350,1799,1276
20150204,840,243,150,688,97,747,1176,702,314,268,1653,1108
20150205,774,198,117,649,67,661,1104,634,276,233,1571,969
20150206,680,216,131,573,63,627,971,538,236,251,1380,913
20150207,277,296,81,345,80,379,540,304,146,200,607,479
20150208,128,97,39,125,18,142,245,107,50,67,245,197
20150209,300,104,62,299,19,155,290,220,94,46,526,411
20150210,510,142,94,395,11,315,548,399,151,134,930,696
20150211,842,226,179,685,46,604,916,691,294,236,1644,1143
20150212,1071,366,218,967,77,745,1186,1009,410,325,1951,1299
20150213,947,430,189,853,103,764,1105,844,355,336,1809,1237
20150214,495,431,121,523,106,505,831,422,269,264,873,685
20150215,432,574,129,617,94,398,754,399,351,266,629,785
20150216,1170,490,294,1059,166,953,1567,867,524,431,2232,1521
20150217,1114,441,223,902,136,973,1428,895,474,387,2185,1368
20150218,1152,356,213,861,136,871,1352,840,406,312,2051,1291
20150219,1195,378,206,935,134,947,1534,916,442,390,2184,1379
20150220,1173,649,238,983,169,960,1600,872,524,387,2062,1420
20150221,610,850,185,947,216,670,1282,604,507,430,1235,1084
20150222,325,374,104,396,100,307,618,324,240,157,648,541
20150223,1126,364,236,983,126,868,1430,818,426,335,2052,1395
20150224,644,122,85,444,38,498,692,476,187,162,1173,761
20150225,828,193,137,586,57,590,979,523,233,216,1483,962
20150226,1069,391,204,895,128,927,1406,900,400,344,2165,1339
20150227,1162,740,255,1203,194,1068,1667,991,593,433,2277,1544
20150228,628,679,165,739,189,711,998,622,423,372,1083,911
20150301,506,865,141,794,253,477,930,470,406,265,945,1006
20150302,1152,293,166,826,112,859,1289,841,371,302,2034,1282
20150303,1518,657,277,1240,218,1226,2078,1270,661,467,2908,1845
20150304,1289,373,227,1030,160,1052,1641,1048,461,405,2545,1561
20150305,1417,494,257,1136,165,1168,1846,1076,518,432,2672,1680
20150306,1295,518,279,1114,195,1193,1684,1052,503,425,2407,1602
20150307,639,791,233,843,200,826,1339,689,598,416,1375,1052
20150308,746,1330,261,1534,420,857,1596,732,779,464,1450,1522
20150309,1658,791,376,1528,344,1399,2276,1342,730,560,3346,2089
20150310,1895,1070,374,1891,357,1591,2655,1650,936,731,3678,2499
20150311,975,223,157,724,94,759,1159,775,295,280,1950,1158
20150312,1403,458,221,1033,161,1093,1817,1113,525,447,2615,1581
20150313,1118,336,211,752,110,922,1331,885,431,338,2030,1314
20150314,496,337,138,494,103,600,864,442,275,283,1019,681
20150315,519,649,150,666,154,594,876,445,361,245,985,794
20150316,1647,708,329,1444,249,1412,2203,1416,710,561,3226,2158
20150317,1918,1055,398,1980,366,1624,2705,1631,910,732,3902,2484
20150318,2037,1123,403,1879,386,1740,3051,1721,972,711,3985,2575
20150319,1982,980,413,1952,378,1742,3080,1673,941,786,3980,2534
20150320,1815,1133,421,2006,399,1638,2930,1577,923,771,3530,2544
20150321,1026,1931,420,2025,551,1238,2344,1151,1020,770,1999,1962
20150322,609,704,216,710,200,695,1148,649,512,345,1163,950
20150323,1960,954,404,1794,363,1698,2801,1640,926,686,3813,2482
20150324,2148,1393,457,2396,401,1904,3348,1992,1104,847,4329,2934
20150325,1906,870,411,1854,63,1792,2985,1807,911,716,3975,2584
20150326,1472,441,268,1210,106,1230,1990,1257,559,523,2918,1775
20150327,1199,372,205,921,123,1087,1634,918,398,406,2247,1451
20150328,625,797,185,632,223,822,1299,665,501,381,1320,931
20150329,527,682,139,833,206,630,1040,416,446,318,1040,954
20150330,673,269,143,607,87,669,973,569,313,225,1337,945
20150331,611,198,151,799,93,601,851,509,227,222,1263,882
20150401,662,232,119,628,82,647,836,534,241,240,1394,923
20150402,752,248,123,590,109,647,923,597,267,229,1473,932
20150403,752,590,183,786,228,761,1141,644,444,324,1303,1079
20150404,506,817,211,850,223,528,1117,497,474,345,1039,1022
20150405,407,598,155,656,200,394,893,372,366,259,715,692
20150406,446,646,158,623,220,441,851,416,360,201,710,828
20150407,1255,630,270,1149,279,1181,1685,1050,554,425,2401,1767
20150408,1302,495,243,1091,142,1000,1597,914,451,432,2376,1633
20150409,1914,1313,490,2015,469,1663,2917,1547,998,749,3502,2631
20150410,2028,1981,592,2911,705,2004,3807,1810,1412,1023,3982,3355
20150411,1467,2538,516,3314,1057,1525,4315,1991,1433,1252,3315,3139
20150412,1410,2305,581,3006,1007,1348,2392,1757,1114,1017,2545,2809
20150413,2355,1140,508,2355,434,2119,3471,1999,1177,879,4645,3143
20150414,2541,1437,578,2848,654,2407,4130,2334,1329,1146,5151,3665
20150415,2886,2054,688,3606,815,2709,4801,2848,1688,1367,5987,4387
20150416,3059,2343,750,4241,804,2649,5494,3006,1881,1465,6255,4853
20150417,1546,581,315,1370,266,1424,2290,1419,671,659,2943,1944
20150418,942,1126,225,980,267,1088,2100,1058,653,553,1965,1424
20150419,1223,2328,494,2634,793,1280,3051,1340,1307,964,2176,2552
20150420,2440,1268,573,2441,544,2203,3712,2135,1260,1008,5061,3223
20150421,2775,1706,612,3055,644,2490,4330,2424,1488,1311,5571,3776
20150422,3011,2182,794,3346,727,2687,4987,2728,1690,1378,5983,4265
20150423,2814,1565,693,2957,636,2333,4165,2482,1387,1217,5350,3843
20150424,2508,1839,727,3262,689,2340,4393,2339,1538,1321,5056,3838
20150425,1954,3318,753,4047,1236,2114,4043,2000,1804,1346,3504,3773
20150426,1684,3577,755,4042,1196,1618,3693,1647,1822,1193,2921,3621
20150427,3013,2143,830,3760,778,2732,4899,2737,1750,1389,5867,4396
20150428,1604,559,343,1406,259,1320,2161,1390,632,640,3108,1995
20150429,2451,1590,541,2800,551,2345,4095,2181,1204,1123,5026,3471
20150430,2267,1235,493,2239,430,1917,3502,2023,1077,964,4686,2916
20150501,1079,1737,355,2184,553,997,2658,1236,985,627,2062,2152
20150502,796,997,297,1215,283,1213,1829,913,637,680,1778,1490
20150503,804,1104,277,1224,277,858,1705,830,677,480,1499,1453
20150504,2335,1257,543,2466,520,2046,3610,2135,1282,1017,4618,3059
20150505,3309,2592,854,4854,935,2857,5450,3116,1966,1528,6487,5234
20150506,2378,1026,497,2255,393,2109,3557,2021,1086,929,4707,3113
20150507,3143,2309,740,3808,706,2818,5297,2955,1743,1518,6280,4398
20150508,2958,2567,819,3913,855,2699,5714,3087,1768,1529,5837,4634
20150509,1409,1792,434,2161,592,1677,2989,1661,1091,923,2671,2610
20150510,1350,2448,476,2887,776,1417,3282,1546,1315,876,2559,2947
20150511,3134,2203,881,3943,901,3014,5228,2772,2025,1418,6241,4779
20150512,3626,2668,910,4469,895,3087,5772,3232,2035,1600,6939,5221
20150513,2431,1368,570,2512,513,2230,3796,2169,1223,1027,4834,3239
20150514,1212,2202,535,2429,501,1420,2615,1383,1531,958,2443,2463
20150515,1542,1138,402,1634,349,1672,3149,1623,849,841,3289,2306
20150516,1730,3489,757,4022,1047,1849,4866,2089,1797,1355,3615,3722
20150517,1277,2211,471,2445,812,1271,3264,1412,1254,917,2461,2466
20150518,3109,2421,840,3943,896,2947,5138,2870,1790,1339,6079,4637
20150519,3046,2143,728,3477,749,2517,5131,2929,1580,1376,6118,4340
20150520,2156,1038,482,2078,324,1815,3300,1872,817,772,4333,2740
20150521,1736,661,283,1413,209,1548,2629,1678,603,667,3476,2076
20150522,1424,600,264,1145,208,1343,2072,1322,567,561,2814,1814
20150523,247,101,55,199,16,289,408,200,73,132,523,325
20150524,608,827,253,1055,263,703,1445,666,404,359,1136,1231
20150525,1135,2773,491,2531,822,1344,2672,1096,1419,881,2032,2365
20150526,1406,558,234,1121,206,1133,1840,1264,566,446,2498,1728
20150527,2547,1472,442,2223,433,2002,3544,2007,1067,929,4689,2999
20150528,2727,1954,580,2916,586,2366,4354,2458,1493,1078,5400,3746
20150529,3011,2698,734,4032,798,2588,5562,2849,1869,1339,5698,4586
20150530,1605,2394,648,3272,675,1602,3852,1877,1328,1107,3238,3242
20150531,1935,4116,914,5912,1373,1717,4654,2075,2214,1426,3349,4894
20150601,3268,2288,913,4502,868,2733,6059,3081,1982,1475,6565,4952
20150602,3552,2714,950,5248,905,3289,6146,3401,2081,1725,7124,5677
20150603,3385,2626,980,5408,782,2925,6004,3244,1987,1603,6735,5698
20150604,1899,4591,926,8869,1103,1898,4741,2334,1808,1526,3673,6126
20150605,2361,2590,864,5718,803,2317,4908,2684,1614,1293,4318,5101
20150606,1691,2881,653,6287,738,1739,4152,2071,1337,1168,3289,4941
20150607,1523,3437,724,7720,773,1494,3952,1780,1405,1026,2825,5332
20150608,3316,2421,998,5389,834,3104,5479,3031,1895,1644,6003,5628
20150609,3377,2268,837,4432,777,3134,5719,3094,1913,1585,6757,5089
20150610,3539,2729,915,5144,877,3129,5891,3285,2030,1743,6868,5726
20150611,3489,2565,968,5251,707,3053,6146,3508,1875,1642,6662,5636
20150612,3031,2625,916,5692,748,2873,5796,3051,1792,1508,5981,5673
20150613,1551,2664,672,5708,600,1878,3394,1907,1025,1121,3101,4483
20150614,1281,2997,718,5879,687,1363,3265,1597,1068,871,2374,4213
20150615,2339,1151,583,2342,371,1997,3433,1932,933,813,4312,3140
20150616,2924,2121,739,3346,659,2765,4924,2859,1524,1288,5936,4247
20150617,2988,2035,780,3417,642,2742,4790,2873,1556,1250,6103,4262
20150618,3009,2167,763,3405,676,2797,4990,2845,1547,1248,6204,4310
20150619,1993,1173,532,2250,316,1817,3396,1980,809,808,3927,2988
20150620,1079,1199,329,1421,293,1077,2022,1066,522,576,2139,1666
20150621,1312,2226,379,2799,616,1117,3006,1334,1068,839,2291,2632
20150622,2345,1688,686,2595,633,2099,3486,2085,1235,874,4329,3370
20150623,1580,984,336,1548,290,1476,2367,1388,768,687,3018,2174
20150624,2877,2029,648,3021,582,2453,4330,2529,1451,1145,5484,3952
20150625,3086,2386,827,4024,776,2691,5203,2910,1789,1295,6094,4631
20150626,2834,2604,891,4521,759,2598,5182,2625,1656,1489,5582,4872
20150627,1270,1960,449,2440,523,1499,2653,1395,957,853,2529,2425
20150628,1530,3366,598,4108,893,1472,3405,1542,1502,984,2475,3701
20150629,2947,2246,870,3953,916,2762,4908,2619,1781,1361,5603,4648
20150630,3369,2645,993,5010,856,2931,5649,3041,1923,1470,6306,5577
20150701,3410,2857,1029,6273,851,3204,5660,3212,1986,1605,6299,6313
20150702,3157,2673,982,6386,794,2902,5563,3191,1858,1604,6245,6209
20150703,2618,2512,909,6219,733,2479,4984,2703,1663,1378,5219,5743
20150704,1460,2699,629,6154,591,1640,3304,2135,1086,1039,2796,4601
20150705,1339,3094,661,7135,598,1280,3239,1667,1183,936,2349,5032
20150706,2564,1836,886,5201,617,2451,4202,2372,1453,1197,4622,5117
20150707,2611,2172,841,6727,660,2493,4576,2768,1461,1231,4923,6167
20150708,1488,907,388,1735,234,1306,2141,1370,693,631,2865,2305
20150709,2112,1969,587,3116,547,2175,3759,2112,1328,1046,4145,3575
20150710,2262,2299,692,3746,680,2285,4526,2311,1401,1078,4277,4112
20150711,1482,3039,636,4920,733,1686,3424,1840,1239,1031,2851,3879
20150712,1309,3418,722,6124,840,1337,3552,1697,1261,946,2404,4724
20150713,1791,1137,498,2390,496,1774,3103,1799,923,776,3502,2944
20150714,1880,1302,445,2360,395,1776,3156,1867,920,848,3398,2845
20150715,2591,2817,783,3827,717,2393,4919,2566,1754,1245,4975,4585
20150716,2730,2751,828,5822,707,2541,4848,2703,1651,1285,5073,5478
20150717,2183,2292,727,5717,538,2080,4396,2446,1342,1051,4163,5168
20150718,1196,2274,605,4452,523,1276,2140,2281,903,843,2293,4023
20150719,1234,2629,571,4723,539,1075,1776,2220,895,769,2109,4049
20150720,2441,1965,681,4646,670,2296,2506,3555,1435,1057,4408,4602
20150721,2584,2558,765,5770,678,2369,2646,4042,1567,1243,4664,5603
20150722,2469,2409,753,5776,586,2114,2750,3656,1380,1088,4567,5757
20150723,2591,1967,643,4409,605,2108,2246,3150,1322,1162,5155,4268
20150724,2392,2325,767,5142,616,1970,2927,3560,1322,1113,4638,4949
20150725,1296,1688,484,2937,499,1329,2394,1799,939,919,2700,2469
20150726,1472,3792,724,5378,1075,1416,3651,1662,1609,1086,2693,3807
20150727,1991,1411,593,3110,526,1988,3230,1975,1169,858,3551,2988
20150728,2486,2575,657,4727,682,2366,4335,2695,1702,1138,4593,4110
20150729,1411,1131,331,2216,299,1404,2639,1454,681,593,2560,2003
20150730,2553,2468,683,4690,718,2304,4350,2382,1515,1169,4475,4162
20150731,2447,2569,767,4875,763,2255,4967,2516,1545,1113,4449,4328
20150801,1463,3003,602,4416,725,1568,3643,1924,1148,973,2617,3900
20150802,1105,1798,483,2631,549,1300,2887,1230,972,712,1912,2311
20150803,2167,2266,795,4144,719,2188,4385,2259,1482,1162,3831,4208
20150804,2683,2735,803,5303,738,2517,5008,2853,1726,1239,4712,5572
20150805,2711,2639,811,5230,654,2273,4826,2629,1575,1202,4711,5539
20150806,2514,2576,794,5101,619,2275,4635,2477,1365,1135,4365,5396
20150807,2041,2282,767,4502,505,1943,4317,2354,1370,956,3632,4766
20150808,1181,2273,465,3887,437,1245,3149,1536,874,826,2092,3813
20150809,1242,2765,591,4229,475,1147,2966,1407,1013,674,1927,3850
20150810,2318,2215,809,4504,630,2083,4100,2503,1371,1041,4082,4827
20150811,2533,2364,747,5008,608,2150,4609,2494,1480,1170,4432,5478
20150812,2507,2482,839,4886,566,2168,4760,2581,1434,1176,4534,5138
20150813,2298,2375,779,4732,587,1931,4667,2526,1340,987,4206,5018
20150814,2037,2216,665,4200,516,1819,4135,2156,1135,916,3821,4373
20150815,1344,2801,536,4013,598,1255,3320,1588,1035,883,2123,3460
20150816,1175,2780,598,3825,820,1093,3090,1401,1077,794,1990,3213
20150817,1151,687,305,1632,201,1234,2137,1177,511,514,2042,1843
20150818,1270,1106,307,2030,284,1317,2415,1274,711,668,2479,2065
20150819,1877,1567,470,2992,420,1839,3282,1799,1135,793,3608,3082
20150820,1294,1255,351,2345,245,1412,2613,1218,599,600,2093,2421
20150821,1959,2539,662,4036,650,1956,4330,1913,1415,1033,3792,3746
20150822,1317,2919,655,3971,818,1580,3821,1641,1412,1133,2575,3269
20150823,1196,2814,482,3439,720,1348,3099,1277,1378,891,2017,2591
20150824,2377,1901,690,3890,774,2120,4379,2324,1387,1029,4361,4181
20150825,1856,1283,457,2703,421,1798,3275,1705,958,721,3469,2934
20150826,2699,2933,836,5052,841,2482,5560,2608,1776,1332,5207,4981
20150827,2683,2685,717,4957,775,2378,4830,2614,1559,1225,4923,5069
20150828,2310,2401,710,4541,642,2195,4582,2353,1449,1145,4379,4701
20150829,1382,2655,546,4350,566,1592,3444,1549,1028,1023,2367,4128
20150830,1294,3075,618,4889,614,1329,3024,1467,1107,905,2168,4552
20150831,2465,2101,692,4641,721,2819,4625,2620,1427,1151,4655,5148
20150901,2735,2669,796,5829,734,2543,4752,2656,1582,1446,5061,5897
20150902,1946,1253,515,2899,423,1776,3051,1745,899,904,3544,2999
20150903,2088,1755,580,3671,503,2181,3998,2033,1197,1170,4121,3647
20150904,2143,1719,611,3543,577,2089,4120,2090,1216,1163,4162,3481
20150905,834,862,237,1662,194,1296,1874,963,464,617,1541,1573
20150906,1086,1475,286,2438,427,1121,2521,1067,768,781,1639,2095
20150907,1974,944,419,2543,416,1863,2894,1714,948,873,3649,2789
20150908,2471,1504,580,3490,537,2280,3660,2304,1273,1219,4608,3630
20150909,2205,1043,541,2675,391,1880,3107,1809,909,958,4016,2888
20150910,2438,1603,645,3505,554,2265,3736,2133,1202,1253,4831,3550
20150911,2040,1401,521,2952,481,2019,3289,1969,1067,1120,3934,2939
20150912,1544,2302,493,3438,755,1771,3060,1603,1159,1387,2874,2749
20150913,1299,2859,463,3908,892,1480,2963,1471,1381,1240,2552,2886
20150914,2018,898,499,2562,414,1750,2711,1704,938,839,3610,2865
20150915,2583,1615,643,3589,537,2293,3967,2093,1250,1224,4726,3657
20150916,2969,2258,741,4527,761,2514,4638,2504,1613,1456,5348,4406
20150917,3071,2269,768,4938,703,2436,5079,2633,1630,1534,5470,5004
20150918,2569,1816,684,3852,603,2174,4380,2191,1370,1209,4689,3843
20150919,1291,2376,424,3339,566,1382,2829,1388,986,934,2516,2516
20150920,1091,1816,334,2756,472,1168,2022,1003,1055,860,1810,2220
20150921,2572,1351,648,3332,518,2152,4255,2126,1255,1178,4612,3536
20150922,2745,2036,683,4074,668,2308,4861,2394,1474,1372,5340,3957
20150923,2380,1206,548,2975,386,1827,3983,1985,911,969,4309,3165
20150924,2063,878,447,2403,335,1641,3485,1740,713,806,3814,2651
20150925,978,390,209,1159,254,759,1694,844,407,353,1703,1297
20150926,720,652,205,1211,423,949,1637,806,427,494,1582,1111
20150927,1013,1575,373,2325,534,1030,2081,1016,819,695,1636,1835
20150928,2325,1327,606,3110,342,2042,3891,1931,1172,1119,4254,3245
20150929,2389,1259,506,3015,440,2053,4217,2055,1074,1199,4388,3170
20150930,2259,1077,513,2700,374,2012,3713,1855,958,1052,4237,2883
20151001,2562,1408,561,3000,464,2071,4210,2177,1142,1266,4835,3356
20151002,2252,1535,520,2932,510,1974,4059,2131,1108,1220,4213,3106
20151003,1320,1405,318,2088,441,1526,3175,1592,803,928,2760,1900
20151004,1050,1507,398,2118,489,1036,2186,1130,894,733,1805,1838
20151005,2530,1191,646,2876,545,2168,4204,2168,1129,1215,4974,3389
20151006,2630,1175,519,2789,435,2144,3666,2287,1063,1139,5037,3244
20151007,1343,447,304,1386,186,1098,1710,1062,506,529,2624,1735
20151008,1260,354,287,1129,122,995,1657,1091,334,517,2407,1414
20151009,1794,796,373,1952,296,1573,2816,1543,705,857,3550,2295
20151010,758,706,210,1099,220,872,1358,859,493,483,1363,1018
20151011,578,493,140,837,134,664,1079,500,265,337,1026,832
20151012,1854,676,414,1836,303,1496,2517,1437,721,754,3756,2228
20151013,1866,644,340,1703,233,1464,2362,1535,630,720,3653,2040
20151014,838,248,169,816,97,755,1097,716,305,385,1819,1034
20151015,1094,297,201,986,80,840,1481,945,341,480,2153,1245
20151016,1218,336,241,1066,137,968,1558,1009,394,468,2385,1334
20151017,877,948,251,1451,258,969,1689,955,578,604,1688,1354
20151018,570,674,150,1010,194,747,1125,582,474,421,1118,922
20151019,1192,366,247,1089,152,910,1409,966,395,441,2344,1345
20151020,1260,397,187,1124,122,1010,1725,1100,388,567,2614,1380
20151021,1690,604,316,1651,237,1364,2474,1440,619,799,3710,2007
20151022,1846,710,361,1858,293,1522,2655,1618,659,801,3761,2231
20151023,1585,643,301,1581,235,1315,2565,1417,574,766,3306,1865
20151024,859,1304,250,1783,417,1087,2223,1062,923,755,2017,1514
20151025,789,1170,201,1604,316,797,2038,827,815,565,1515,1356
20151026,932,1541,277,2059,511,915,2669,1214,952,652,1916,1708
20151027,1876,705,372,1845,325,1541,2767,1812,824,816,3795,2210
20151028,1877,563,396,1681,269,1433,2655,1622,754,784,3836,2089
20151029,1861,577,362,1769,259,1440,2740,1600,747,796,3874,2225
20151030,1633,767,385,1822,302,1466,2758,1450,734,735,3452,2121
20151031,919,1162,323,1716,365,1045,2041,1104,709,710,1906,1547
20151101,752,1493,264,1903,363,739,1678,845,746,567,1428,1471
20151102,1758,854,357,1970,364,1425,2506,1492,785,785,3244,2206
20151103,1915,790,395,2058,283,1464,2851,1721,758,833,4061,2414
20151104,1906,692,369,1843,303,1417,2735,1660,720,811,3987,2161
20151105,1929,725,327,1925,326,1528,2739,1703,786,883,3982,2255
20151106,1746,824,391,1920,305,1505,2715,1463,780,884,3454,2149
20151107,773,573,159,1009,196,933,1401,779,550,544,1577,988
20151108,1083,2236,369,2825,604,1081,2367,1034,1382,902,1838,2150
20151109,2118,798,389,2083,364,1546,2828,1729,815,886,3989,2437
20151110,2046,877,383,2205,344,1671,2972,1835,796,934,4351,2556
20151111,2204,966,472,2372,379,1724,3107,1932,931,998,4549,2733
20151112,2262,926,429,2322,420,1700,3076,1915,910,1000,4423,2682
20151113,1885,875,384,1996,347,1492,2751,1527,801,909,3686,2225
20151114,888,995,255,1489,227,1027,1835,803,550,650,1843,1298
20151115,349,152,92,393,76,423,583,309,136,203,702,448
20151116,1916,904,386,2172,311,1593,2809,1712,770,865,3816,2475
20151117,2063,764,375,2109,367,1640,2812,1738,787,854,4011,2512
20151118,2066,795,365,2020,277,1616,2952,1670,741,902,4175,2345
20151119,2054,958,389,2199,340,1550,2883,1891,830,939,4109,2463
20151120,1059,214,168,855,108,786,1166,825,296,376,1895,1104
20151121,672,342,138,707,84,640,1096,620,275,397,1119,746
20151122,510,452,114,780,115,480,812,451,313,332,910,748
20151123,1559,548,319,1548,241,1257,1901,1291,602,688,3116,1862
20151124,1730,524,271,1541,218,1271,2187,1524,561,700,3442,1872
20151125,1671,402,233,1319,201,1202,1984,1357,539,636,3163,1651
20151126,1398,322,234,1147,110,981,1660,1189,357,521,2740,1461
20151127,1326,405,230,1182,159,970,1781,1024,488,579,2609,1418
20151128,648,402,132,754,118,628,1004,580,261,423,1209,758
20151129,560,501,140,762,109,461,959,530,305,305,1020,671
20151130,1016,216,106,745,86,665,1052,782,310,392,1998,934
20151201,994,212,101,736,91,672,1050,752,278,495,1952,917
20151202,1509,442,281,1341,212,1172,1871,1269,471,597,2950,1632
20151203,1657,539,292,1577,258,1280,2439,1493,573,679,3398,1913
20151204,1532,474,264,1039,229,1184,2030,1326,523,661,2953,1667
20151205,795,702,183,729,216,829,1392,739,474,536,1533,1014
20151206,488,383,109,395,59,439,872,446,233,197,806,643
20151207,1086,383,199,688,143,905,1466,911,396,489,2110,1185
20151208,552,290,82,352,75,526,787,510,195,262,1024,562
20151209,1409,377,236,839,151,978,1731,1151,464,493,2771,1404
20151210,1601,505,248,976,201,1165,2128,1283,530,682,3232,1700
20151211,1348,401,181,845,149,1057,1739,1190,442,537,2672,1520
20151212,593,321,116,454,80,588,955,599,272,396,1293,672
20151213,577,619,137,517,132,519,994,509,307,355,1036,850
20151214,1538,451,285,948,215,1137,1793,1202,506,618,2903,1611
20151215,1488,438,255,934,185,1181,1920,1318,499,617,3030,1699
20151216,1600,407,235,920,194,1171,1917,1311,511,581,3049,1676
20151217,1051,246,168,632,110,805,1296,931,321,364,2061,1095
20151218,1279,347,212,733,150,974,1587,1013,367,496,2480,1313
20151219,634,346,141,482,100,639,967,633,273,402,1316,657
20151220,494,295,79,397,77,426,640,375,184,243,770,497
20151221,1130,350,218,846,152,945,1546,952,442,452,2191,1327
20151222,1307,578,286,932,217,1065,1889,1099,568,586,2551,1559
20151223,1086,472,227,795,211,819,1434,901,428,482,1982,1228
20151224,301,319,180,387,127,291,504,243,224,213,649,517
20151225,249,341,89,256,95,183,421,189,171,118,362,325
20151226,291,450,143,419,158,269,523,245,305,199,470,510
20151227,296,437,102,417,124,253,606,264,293,209,485,456
20151228,606,392,182,564,203,514,899,509,340,310,1036,802
20151229,605,252,160,465,98,504,818,522,251,273,1061,678
20151230,563,260,154,485,100,440,852,493,216,226,1003,759
20151231,273,154,75,326,56,263,521,290,186,179,630,456
20160101,164,87,75,176,28,144,348,145,79,71,353,282
20160102,188,106,55,154,59,240,363,246,112,124,459,268
20160103,179,92,42,166,38,180,287,223,73,109,306,256
20160104,379,126,66,296,49,282,474,272,101,119,668,434
20160105,236,73,46,176,37,178,343,230,84,244,489,285
20160106,176,99,41,148,24,138,241,105,43,72,282,152
20160107,675,194,125,441,63,475,737,503,193,256,1226,729
20160108,843,347,147,563,83,689,1058,655,365,355,1599,970
20160109,381,197,89,211,62,421,571,321,116,234,719,366
20160110,314,247,87,238,64,291,546,297,150,204,639,430
20160111,1044,262,204,735,119,762,1127,781,271,356,1945,1104
20160112,1335,497,224,922,194,1016,1616,1079,455,559,2491,1519
20160113,1315,368,186,754,146,878,1465,989,400,530,2426,1332
20160114,1357,489,262,880,199,1020,1685,1149,476,486,2474,1443
20160115,1200,380,186,823,171,830,1321,894,407,420,2216,1248
20160116,426,275,70,314,67,503,718,407,163,251,895,546
20160117,356,269,77,272,59,403,543,317,161,174,605,500
20160118,1104,323,216,711,107,858,1304,850,320,426,2078,1194
20160119,1145,276,177,655,107,806,1228,907,312,430,2022,1172
20160120,1080,231,187,575,106,765,1252,887,330,415,2123,1050
20160121,805,199,149,499,63,534,960,646,243,319,1455,883
20160122,864,257,136,482,75,578,1042,663,257,307,1541,873
20160123,205,109,47,136,26,189,358,167,78,125,393,248
20160124,249,181,55,187,28,248,458,222,115,139,455,315
20160125,693,123,81,376,52,526,764,546,194,226,1267,737
20160126,1370,476,209,879,160,982,1771,1072,472,559,2468,1573
20160127,1488,478,231,952,184,1060,1867,1183,564,549,2830,1554
20160128,1495,544,249,948,204,988,1946,1282,528,645,2808,1593
20160129,923,332,158,552,90,708,851,500,321,492,1560,1070
20160130,517,660,111,491,117,618,946,461,325,342,984,744
20160131,291,286,73,299,52,333,578,293,162,214,568,543
20160201,797,232,129,526,81,657,835,733,283,332,1342,926
20160202,1196,518,214,922,165,998,1361,1340,441,480,2145,1500
20160203,760,203,132,618,91,564,765,820,254,319,1194,934
20160204,1046,337,164,725,124,785,1035,1115,361,430,1792,1179
20160205,805,296,169,650,90,644,964,816,277,342,1411,1032
20160206,577,764,135,738,168,640,1168,520,468,473,1038,938
20160207,611,1112,241,1145,285,583,1336,603,620,444,912,1203
20160208,1467,525,311,1115,229,1061,1784,1132,612,633,2528,1768
20160209,1568,630,285,1147,250,1185,1992,1224,588,593,2646,1879
20160210,774,176,167,487,72,582,904,609,239,229,1279,860
20160211,1381,468,210,908,173,1020,1582,1086,477,533,2295,1526
20160212,1159,444,195,897,169,863,1365,961,470,464,1887,1374
20160213,624,619,190,699,195,734,1134,655,413,430,1060,865
20160214,422,464,112,424,137,387,658,383,259,233,576,604
20160215,1336,363,261,861,147,915,1369,938,443,460,2042,1431
20160216,1432,505,241,923,167,1060,1654,1115,492,525,1861,1591
20160217,1121,291,186,619,95,752,1156,820,328,370,1816,1107
20160218,1002,209,159,624,92,662,1002,745,302,329,1643,1003
20160219,703,176,108,428,85,525,744,545,221,268,1215,746
20160220,656,797,160,784,211,714,1090,577,480,444,1029,975
20160221,503,472,125,449,97,453,812,403,245,256,784,661
20160222,1775,936,344,1521,391,1333,2223,1381,913,768,2577,2128
20160223,1524,470,262,1016,200,1091,1691,1201,532,545,2475,1633
20160224,1555,587,270,1081,218,1198,1914,1240,575,641,2741,1698
20160225,1420,486,251,885,218,1003,1653,1139,517,583,2437,1534
20160226,1339,604,289,1010,212,1032,1606,1029,565,640,1928,1586
20160227,639,578,161,523,140,681,1022,555,370,423,1046,776
20160228,633,725,149,627,239,556,1034,519,364,341,892,854
20160229,883,182,128,485,89,570,897,604,233,277,1282,918
20160301,991,184,149,523,99,640,1005,724,253,371,1432,986
20160302,1516,477,257,958,219,1062,1753,1125,485,565,2141,1662
20160303,1071,224,164,573,101,739,1331,833,302,401,1879,1108
20160304,1434,523,282,941,194,1086,1733,1057,494,556,2025,1483
20160305,759,946,196,932,296,893,1392,679,595,540,1430,1204
20160306,717,841,202,855,168,619,1295,647,465,430,1177,1145
20160307,1237,286,208,796,137,848,1350,919,389,384,2188,1333
20160308,1294,318,198,746,135,909,1607,1010,381,527,2377,1407
20160309,1627,582,294,1093,247,1278,2156,1322,628,766,2553,1838
20160310,1691,715,281,1187,240,1278,2414,1353,662,767,3054,1953
20160311,1370,420,229,838,174,993,1610,979,492,557,2143,1407
20160312,650,441,123,504,148,647,1037,595,316,418,1179,898
20160313,534,677,152,524,126,497,864,550,325,302,921,845
20160314,1696,704,353,1232,311,1256,2243,1339,730,762,3226,1849
20160315,829,165,109,472,90,579,1002,667,248,325,1518,884
20160316,1267,331,208,793,122,838,1627,1025,429,556,2156,1331
20160317,1931,889,315,1533,265,1370,2590,1419,797,888,3048,2174
20160318,1818,1139,396,1639,418,1472,2770,1434,903,927,3237,2322
20160319,689,648,199,738,267,885,1518,672,534,536,1554,1079
20160320,767,1492,308,1467,426,766,1786,703,857,735,1417,1585
20160321,1526,728,340,1385,327,1222,2101,1153,708,738,2745,1915
20160322,1330,593,307,1164,229,1136,1905,1072,563,600,2519,1655
20160323,1407,737,346,1176,275,1105,2014,1169,678,730,2633,1851
20160324,1159,456,230,940,189,943,1670,902,497,549,2019,1428
20160325,979,733,251,1016,294,887,1465,783,547,576,1654,1369
20160326,461,453,148,497,160,496,1108,426,340,391,950,667
20160327,623,1579,361,1713,546,598,1875,485,894,684,1251,1460
20160328,847,1610,386,1848,615,685,2087,596,976,750,1486,1855
20160329,1588,835,373,1502,375,1333,2449,1354,791,876,2846,2290
20160330,2191,1217,459,2281,428,1600,3152,1576,1129,1024,3875,2996
20160331,2650,1986,618,3187,777,2101,4319,2106,1582,1588,4690,3798
20160401,1974,940,438,1955,401,1638,2742,1420,928,914,3424,2626
20160402,1235,1429,338,1720,496,1306,3414,1351,1033,1172,2633,2072
20160403,1877,3283,682,3850,1289,1443,5736,1851,2070,1724,3975,3788
20160404,2953,1826,721,3043,720,2423,4707,2257,1589,1569,5300,3981
20160405,3346,2265,874,3594,817,2684,5890,2225,1834,1962,6000,4566
20160406,2981,1467,659,2639,550,2317,5031,1825,1454,1522,5317,3728
20160407,2747,1150,580,2288,431,2134,4490,1722,1211,1356,4965,3261
20160408,1326,388,218,861,181,910,1701,813,486,463,2248,1475
20160409,643,257,119,563,133,645,1188,450,258,388,1088,752
20160410,950,1083,211,1187,312,936,1853,929,784,682,1582,1779
20160411,2417,991,459,1942,477,1875,3623,1561,1110,1107,4342,2869
20160412,2680,1395,513,2263,571,2191,4336,1707,1327,1348,4804,3161
20160413,3067,1974,657,2919,836,2344,5042,1874,1584,1608,5598,3877
20160414,2355,760,370,1665,313,1767,3580,1694,914,1049,4519,2623
20160415,2570,1541,553,2376,563,2026,4531,1992,1288,1339,4755,3292
20160416,1840,3169,591,3439,1000,1673,4470,1721,1673,1630,3430,3580
20160417,1504,2999,733,3225,1099,1304,4173,1400,1608,1478,2750,3359
20160418,1329,378,236,965,150,1046,1787,919,501,521,2361,1507
20160419,2811,1601,549,2561,554,2203,4233,2100,1400,1393,5228,3497
20160420,2766,1670,615,2687,629,2308,4511,2265,1552,1535,5504,3815
20160421,3137,2223,692,3242,805,2513,5190,2580,1763,1776,5939,4168
20160422,2978,2232,742,3318,807,2203,4945,2414,1690,1740,5346,4249
20160423,1181,1416,330,1351,403,1226,2451,1132,809,983,2244,1754
20160424,788,791,163,828,209,777,1406,694,470,483,1414,1178
20160425,1874,603,312,1154,269,1354,2334,1335,718,698,3864,1905
20160426,2237,1072,455,1727,433,1735,3155,1812,1025,1107,5020,2552
20160427,1307,282,156,642,102,895,1591,898,343,481,2659,1206
20160428,2274,1108,389,1643,377,1689,3092,1842,965,1073,5024,2491
20160429,2456,1609,544,2237,601,1995,3595,1905,1299,1280,5541,3013
20160430,1531,2991,635,3089,847,1584,3557,1628,1752,1537,4685,3235
20160501,1099,1627,372,1852,462,985,2544,1066,1006,849,3289,2200
20160502,2216,984,442,1824,345,1747,2849,1643,1348,1114,4668,2496
20160503,2377,1054,464,1888,403,1769,3315,2027,1297,1139,5387,2776
20160504,1147,282,152,660,106,925,1411,886,390,428,2401,1153
20160505,1204,2097,332,2115,799,1198,2664,1130,1257,1010,3488,2189
20160506,2492,2727,692,3467,862,2077,4776,2511,1903,1796,6817,3913
20160507,1936,3239,689,4154,871,1700,4632,1961,1713,1690,5964,4091
20160508,1701,3176,701,4089,1400,1344,4453,1816,1810,1536,5575,3971
20160509,3500,2009,786,3676,828,2568,5349,2958,2205,1809,8228,4634
20160510,3241,1692,630,2671,560,2278,4577,2665,1804,1561,7318,3747
20160511,2981,1617,529,2282,459,2156,4208,2512,1431,1486,6764,3480
20160512,1014,329,144,730,85,727,1254,804,349,391,2144,1149
20160513,1686,690,275,1177,245,1265,2451,1387,704,778,3851,1941
20160514,1052,1390,298,1620,374,1143,2412,1138,889,972,3214,1878
20160515,1006,1357,341,1766,361,865,2012,957,937,810,2775,1892
20160516,873,1096,218,991,418,806,1264,990,783,608,2174,1341
20160517,2113,1306,418,1869,482,1830,2493,2365,1186,1068,4854,2639
20160518,2885,1711,651,2670,604,2339,4134,2636,1663,1516,6730,3643
20160519,3115,1856,654,2840,566,2300,4568,2813,1703,1607,7316,3868
20160520,2747,1704,555,2796,540,2200,4713,2498,1454,1603,6949,3651
20160521,1984,3597,738,4882,1020,2097,4689,2160,1906,1767,6160,4440
20160522,2230,4124,965,6342,1218,1790,4754,2175,2152,1792,6412,5372
20160523,3454,2037,805,3695,884,2636,5281,2901,2033,1817,8121,4574
20160524,1393,500,189,859,151,1071,1749,1135,526,642,2979,1893
20160525,2671,1439,574,2362,464,2012,4041,2278,1361,1308,6271,3173
20160526,1853,4128,854,4618,1465,2090,4244,1879,2719,1977,5580,4141
20160527,2355,2124,650,3221,1024,2115,4756,2571,1673,1576,6756,3792
20160528,1827,2937,713,4735,1503,1643,4273,2009,1611,1511,5659,4233
20160529,1858,3671,883,5700,1820,1461,4150,1799,1702,1562,5458,4784
20160530,3177,1602,779,3011,953,2387,4543,2700,1883,1632,7275,4107
20160531,2920,1590,651,2700,857,2297,4369,2606,1536,1601,6917,3695
20160601,2906,1529,650,2550,538,2320,4228,2432,1398,1445,6007,3494
20160602,2922,1676,632,2544,595,2340,4395,2580,1491,1572,6213,3743
20160603,2701,1721,551,2565,619,2151,4551,2405,1386,1427,6062,3593
20160604,1877,2755,614,3341,985,1920,4178,1911,1510,1507,5002,3617
20160605,1609,3088,569,3369,1105,1308,3448,1558,1496,1298,4152,3239
20160606,3599,2353,917,4245,846,2900,5915,3090,2233,1948,7909,5202
20160607,4024,2846,974,5030,1019,3292,6634,3538,2479,2356,8914,5963
20160608,4000,2713,1076,5143,972,3150,6567,3686,2440,2292,8948,5983
20160609,3298,1649,723,3170,591,2534,5117,2915,1672,1697,7111,4179
20160610,3050,2060,678,3509,731,2538,5623,2963,1787,1831,7305,4427
20160611,1514,2429,612,2586,867,1850,3352,1770,1199,1300,4165,2878
20160612,1028,1190,487,1845,416,941,2447,995,845,708,2803,2048
20160613,2935,1577,696,2746,563,2533,4723,2700,1770,1676,6507,3835
20160614,3537,2112,824,3442,757,2897,6030,3251,1957,1849,8052,4755
20160615,1808,878,435,1592,312,1501,2876,1576,848,946,3931,2440
20160616,3623,2399,789,3894,846,2817,5747,3262,2110,1939,7932,4781
20160617,2773,1623,549,2532,576,2311,4264,2429,1505,1441,5943,3564
20160618,1823,2657,674,3599,943,1711,4102,2048,1453,1476,4999,3839
20160619,1718,2882,623,4010,1034,1481,3578,1628,1585,1370,4338,3669
20160620,1167,432,284,935,151,946,1513,1031,431,471,2330,2091
20160621,3751,2560,885,4423,917,2990,6114,3080,2165,1996,8121,5433
20160622,3636,2460,1009,4562,885,2974,6154,3464,2150,2070,8321,5396
20160623,3756,2743,890,6148,975,2860,6039,3364,2037,2124,8263,6244
20160624,3157,2564,869,5920,906,2472,5455,3000,1788,1755,7292,5903
20160625,1533,2673,561,5273,951,1528,3574,1851,1199,1344,4365,4403
20160626,1618,2586,555,3385,922,1251,3235,1439,1323,1150,3949,3142
20160627,1901,812,425,1812,289,1556,2840,1637,925,856,4002,2417
20160628,3751,2785,906,4590,998,2939,6097,3176,2384,1961,8180,5470
20160629,3671,2852,976,5685,1028,3022,6043,3269,2226,2088,8150,6059
20160630,3157,2157,832,4076,764,2451,4805,2758,1807,1712,6731,4852
20160701,2847,2197,774,4743,815,2537,4910,2657,1597,1683,5759,5114
20160702,1376,2580,555,4827,953,1576,2949,1466,1259,1171,3198,4047
20160703,1078,1610,362,2172,592,1057,2510,1069,1119,960,2571,2337
20160704,3204,2429,891,4804,904,2869,5163,2846,2477,1897,6194,5365
20160705,3374,2759,911,6107,1021,3045,5772,3148,2687,2041,6796,6157
20160706,3283,2213,766,3938,824,2858,5564,3113,2456,1863,6608,4935
20160707,3168,2494,855,4376,930,2780,5786,2983,2706,1976,6598,5186
20160708,2663,2412,824,5026,896,2507,5080,2670,2200,1615,5757,5114
20160709,1480,2483,464,3402,923,1585,3501,1674,1251,1218,3680,3210
20160710,1555,3498,710,6817,1293,1347,3484,1719,1571,1265,3733,5188
20160711,2603,1912,796,4886,711,2230,4279,2407,2164,1533,5133,4873
20160712,1783,1248,418,1987,462,1454,2688,1615,1225,989,3363,2749
20160713,1806,1021,409,1523,378,1445,2532,1571,1092,919,3266,2160
20160714,1821,784,259,1424,290,1473,2949,1504,1103,969,3468,2128
20160715,2300,1558,561,2527,580,1866,3946,1911,1575,1358,4512,3114
20160716,785,934,211,934,345,965,1749,867,787,690,1879,1268
20160717,1233,2491,516,2608,648,1113,2894,1313,1277,1145,3006,2645
20160718,2925,2211,781,3892,790,2308,4846,2459,2308,1627,5653,4455
20160719,3261,2717,906,5072,847,2569,5411,2852,2551,1906,6366,5383
20160720,3359,2825,931,5581,850,2550,5730,2918,2508,1909,6633,5666
20160721,3138,2548,868,5483,737,2618,5366,2808,2279,1847,6248,5405
20160722,2574,2273,739,4012,645,2050,4570,2582,2023,1631,5373,4350
20160723,1715,2763,621,4489,618,1495,3383,1737,1304,1307,3776,3822
20160724,1612,3035,676,5097,1007,1377,3593,1585,1598,1285,3758,4249
20160725,2866,2077,847,4467,728,2219,4866,2591,2234,1661,5704,4828
20160726,3115,2627,867,5137,806,2526,5311,2880,2280,1949,5388,5356
20160727,3064,2313,816,4411,741,2502,5244,2875,2188,1755,5196,4804
20160728,2852,2214,727,3825,647,2240,4982,2796,1996,1709,5169,4257
20160729,2852,2470,778,4732,717,2121,4921,2647,2002,1702,5757,4761
20160730,1846,2724,646,5559,624,1285,3776,1932,1351,1353,4174,4700
20160731,1335,2882,625,4641,563,962,2816,1475,1250,1016,3114,3718
20160801,2656,1591,672,3243,569,1989,4277,2290,1772,1458,4718,3746
20160802,3227,2709,882,4801,841,2467,5458,3011,2350,1881,5988,5194
20160803,3116,2437,805,4671,724,2476,5315,2903,2334,1855,5803,4927
20160804,3176,2659,837,5598,800,2427,5088,3011,2234,1801,5782,5608
20160805,2086,1565,564,2488,453,1637,3164,1849,1354,1019,3638,2951
20160806,1481,2206,489,2759,519,1342,3734,1474,1258,1161,3433,2930
20160807,1834,3483,768,5325,1096,1324,4729,1756,1948,1579,4269,4458
20160808,2949,2533,868,6107,855,2191,5027,2721,2471,1796,5484,5762
20160809,2076,1707,551,2899,486,1613,3331,1897,1580,1178,3733,3217
20160810,1044,473,169,733,143,813,1510,899,588,485,1769,1219
20160811,2411,1878,555,2747,491,1996,4145,2105,1733,1351,4435,3410
20160812,1929,1577,491,2244,450,1583,3479,1780,1418,1096,3684,2827
20160813,1293,1777,445,2251,555,1299,3169,1319,1168,1100,2966,2271
20160814,1537,3389,720,5531,864,1079,3623,1565,1539,1319,3450,4135
20160815,1627,3139,752,4370,980,1367,3590,1623,1651,1362,3514,3862
20160816,2688,2098,733,3537,794,2171,4465,2331,2179,1637,4855,4321
20160817,2763,2295,742,3688,750,2288,4904,2581,2045,1551,5256,4337
20160818,2884,2590,743,4414,860,2353,5165,2670,2221,1716,5489,4845
20160819,2464,2190,717,3373,659,2025,4781,2336,1953,1487,4911,4089
20160820,1642,3041,717,4853,878,1506,3709,1796,1698,1348,3665,4188
20160821,641,760,238,1087,229,636,1455,680,585,520,1424,1523
20160822,2341,1416,533,2467,473,1927,3641,1912,1657,1279,4041,3246
20160823,3080,2495,884,4487,858,2540,5118,2676,2402,1896,5570,4975
20160824,3190,2676,907,5054,926,2648,5397,2806,2482,1845,5835,5311
20160825,3152,2639,942,4952,844,2347,5284,2664,2401,1797,5682,5448
20160826,2695,2663,845,4883,795,2046,4927,2485,2019,1582,5180,4959
20160827,1727,2823,802,5480,747,1572,3764,1788,1362,1311,3728,4655
20160828,1571,3493,761,6749,793,1312,3632,1723,1624,1383,3548,5223
20160829,2420,1490,693,2801,594,1987,3766,2168,1823,1373,4278,3636
20160830,3133,2372,799,4389,788,2447,5310,2815,2370,1891,5763,5123
20160831,3230,2638,936,4921,909,2625,5465,2804,2446,1922,5885,5509
20160901,3234,2532,855,4835,896,2656,5388,2951,2417,1843,7845,5356
20160902,2555,1889,725,3328,655,2284,4277,2291,1892,1492,5973,4005
20160903,1752,2743,663,4102,818,1568,3906,1782,1518,1490,5913,4188
20160904,1709,3698,762,6015,894,1357,3683,1703,1570,1357,5806,5285
20160905,1681,489,384,1188,166,1241,2269,1295,570,775,3229,2192
20160906,1092,449,202,841,168,961,1521,884,445,532,2109,1410
20160907,3325,2344,803,3642,780,2482,5160,2648,1720,1782,7172,4807
20160908,3455,2429,802,4402,785,2622,5296,2894,1839,1830,7616,5154
20160909,3033,2411,832,4438,799,2547,5227,2801,1803,1922,7769,5209
20160910,1992,2670,625,4499,713,1755,3921,1814,1419,1581,6217,4361
20160911,1851,3797,906,6110,1032,1540,3956,1840,1533,1616,6049,5304
20160912,3429,2262,943,6664,790,2562,5107,2778,1739,1797,7769,5342
20160913,3699,2472,893,7031,813,2755,5609,3002,1866,2002,8474,5771
20160914,3649,2547,875,7184,892,2942,5719,3084,1823,1944,8402,5775
20160915,3441,2423,880,6918,854,2705,5543,3087,1928,1916,8212,5633
20160916,3135,2501,806,6208,814,2503,5144,2749,1711,1803,7464,5050
20160917,1163,849,283,2111,242,1172,2146,1338,848,915,2666,1650
20160918,1322,2248,486,3184,641,1175,2777,1555,1022,1073,3182,2571
20160919,2734,1101,659,4563,515,2049,3756,2146,1243,1302,5185,3475
20160920,3111,1544,562,5152,554,2228,4378,2432,1202,1319,5600,3839
20160921,3025,1481,609,4636,577,2280,4328,2266,1254,1323,5312,3566
20160922,3074,1743,665,5089,613,2308,4432,2404,1318,1458,5825,3903
20160923,2800,1764,691,4901,682,2202,4484,2392,1404,1522,5694,3720
20160924,1736,2172,610,3516,714,1588,3608,1595,1095,1225,4174,2786
20160925,1750,3159,697,4118,1054,1328,4025,1612,1284,1401,4223,3425
20160926,3128,1480,746,5027,627,2214,4675,2363,1410,1470,5825,3893
20160927,3333,1931,722,5528,655,2408,4481,2940,1597,1665,6379,4211
20160928,3311,1941,771,5665,612,2456,4905,2569,1460,1564,6338,4274
20160929,3249,2068,758,5777,688,2524,5397,2691,1638,1745,6896,4593
20160930,3126,2373,831,5803,781,2514,5274,2698,1696,1811,6974,4598
20161001,1658,2782,523,2682,800,1666,3811,1837,1333,1399,3205,3343
20161002,903,954,230,1245,269,815,1737,897,627,630,1529,1431
20161003,2402,687,393,2012,340,1527,3059,1707,803,834,3859,2304
20161004,928,237,124,807,76,628,1055,694,338,349,1436,917
20161005,1984,615,321,1826,239,1337,2467,1406,715,744,3469,2075
20161006,1337,286,163,1110,81,829,1524,976,438,450,2115,1255
20161007,1976,983,414,1875,284,1414,2735,1558,820,856,3256,2201
20161008,875,917,370,1122,256,966,1650,851,583,595,1649,1316
20161009,894,1052,452,1333,313,786,1744,846,580,599,1481,1552
20161010,2288,679,465,1962,321,1573,2864,1637,825,845,3833,2318
20161011,1763,482,290,1639,199,1217,2305,1378,655,671,3094,1851
20161012,1660,401,293,1451,129,1082,2023,1183,612,629,2737,1634
20161013,2180,737,330,1961,272,1495,2851,1703,832,848,3629,2286
20161014,2082,825,327,1926,283,1594,2787,1601,919,950,3570,2222
20161015,1083,1344,270,1530,307,1193,2187,1094,747,779,1921,1812
20161016,1186,1993,356,1597,544,1093,2323,1098,872,909,1837,1957
20161017,2362,722,397,2062,376,1596,2905,1718,827,854,3883,2352
20161018,1346,344,221,1221,150,876,1559,980,482,497,2163,1368
20161019,1546,422,260,1466,175,990,1794,1172,548,569,2561,1675
20161020,1114,285,106,959,85,782,1364,835,446,454,1926,1019
20161021,1834,684,317,1833,245,1350,2730,1576,766,810,3119,2064
20161022,1191,1357,312,1547,331,1041,2414,1234,817,857,2044,1783
20161023,911,884,222,1032,195,717,1682,932,520,423,1451,1199
20161024,2160,697,364,1975,321,1469,2920,1710,880,878,3776,2225
20161025,2126,683,351,1864,261,1396,2971,1722,817,881,3636,2127
20161026,995,1041,216,1358,278,902,2030,1049,628,673,1847,1566
20161027,2047,753,396,1963,272,1474,2987,1704,787,885,3536,2274
20161028,1858,978,326,1974,371,1462,3059,1644,784,952,3457,2291
20161029,683,382,148,947,109,669,1369,722,297,429,1299,1050
20161030,704,834,202,1004,240,638,1601,782,432,402,1098,1088
20161031,1670,838,362,1719,342,1258,2628,1379,658,810,2694,2049
20161101,877,1458,329,1308,439,841,1856,810,852,655,1449,1629
20161102,1315,342,225,1143,136,812,1535,1027,425,496,2099,1392
20161103,1739,465,211,1474,206,1115,2242,1299,490,705,2894,1722
20161104,1759,520,277,1519,238,1129,2238,1333,587,671,3019,1769
20161105,719,663,153,903,161,763,1148,711,433,470,1269,1001
20161106,320,122,69,347,36,311,397,245,111,111,521,396
20161107,1867,549,268,1711,204,1307,2314,1326,631,721,3221,2011
20161108,1961,586,275,1684,219,1228,2410,1402,649,750,3341,1956
20161109,2015,629,316,1779,273,1326,2542,1548,662,781,3319,2113
20161110,1681,424,219,1300,190,1077,2004,1171,465,591,2860,1530
20161111,1582,434,213,1330,185,1103,1911,1132,543,576,2552,1597
20161112,397,131,75,504,46,393,616,382,147,203,816,571
20161113,616,597,142,712,127,521,874,530,361,314,903,881
20161114,1692,476,290,1467,231,1085,1923,1244,561,568,2907,1772
20161115,1639,499,245,1430,214,1079,1933,1227,510,624,2803,1686
20161116,1013,177,141,802,99,594,1003,673,257,308,1627,924
20161117,1414,330,198,1135,147,967,1616,1046,449,532,2436,1350
20161118,1543,546,236,1455,210,1048,1901,1115,498,563,2588,1635
20161119,711,312,123,721,118,575,1031,629,264,412,1213,841
20161120,791,1139,180,940,251,699,1451,673,575,535,1358,1165
20161121,2116,722,329,1809,315,1443,2518,1450,851,839,3640,2114
20161122,2355,945,363,2218,346,1551,2858,1697,957,968,3956,2625
20161123,2181,632,360,1842,328,1374,2438,1524,783,771,3664,2125
20161124,1916,476,295,1540,224,1228,2222,1343,611,677,3304,1809
20161125,1318,297,229,1230,162,948,1683,936,460,503,2350,1389
20161126,908,624,185,940,134,779,1438,817,414,494,1620,1103
20161127,651,662,137,715,104,532,1026,577,357,271,1123,837
20161128,1802,450,260,1387,224,1109,1844,1170,532,566,2795,1676
20161129,1828,449,248,1363,208,1114,1840,1179,530,600,2844,1687
20161130,1773,396,244,1398,170,1143,1755,1189,440,563,2873,1644
20161201,1107,194,141,650,62,635,1135,728,305,353,1824,921
20161202,977,225,135,646,93,657,1073,740,274,314,1782,922
20161203,709,452,145,575,124,638,982,590,252,371,1296,790
20161204,574,342,97,487,78,456,788,451,300,249,910,643
20161205,1545,366,221,981,173,916,1529,1003,447,493,2610,1392
20161206,1609,419,221,996,172,955,1686,1103,451,512,2821,1415
20161207,1662,396,212,992,176,957,1653,1209,440,503,2801,1409
20161208,534,293,78,434,69,503,792,527,299,269,1051,577
20161209,1143,432,179,858,167,821,1457,929,438,500,2111,1223
20161210,779,871,161,738,188,672,1251,756,354,532,1460,1007
20161211,555,540,114,504,132,473,822,499,286,276,1008,668
20161212,1378,274,200,875,141,798,1318,914,349,423,2304,1237
20161213,1573,402,241,1095,169,941,1862,1150,476,534,2771,1554
20161214,1498,289,186,910,122,894,1573,989,413,467,2514,1288
20161215,1559,377,219,1073,186,955,1881,1099,445,523,2780,1524
20161216,1434,333,196,1032,161,956,1640,1078,508,558,2488,1466
20161217,655,253,104,453,92,602,910,539,248,344,1199,619
20161218,424,267,90,400,66,368,610,350,303,224,733,529
20161219,1249,281,188,776,103,761,1304,835,375,411,2122,1103
20161220,961,260,173,742,102,619,961,660,265,314,1640,1056
20161221,880,187,130,615,110,571,867,616,315,326,1501,869
20161222,863,203,124,625,96,582,983,651,323,344,1593,885
20161223,711,201,127,542,98,550,804,521,239,272,1211,766
20161224,189,158,88,215,64,179,249,119,86,118,380,291
20161225,96,76,66,171,28,93,163,87,92,78,194,223
20161226,236,504,143,389,114,196,465,212,203,183,460,519
20161227,446,211,109,345,79,297,493,373,121,163,754,491
20161228,470,167,116,425,59,350,607,386,193,216,852,600
20161229,606,329,152,479,133,449,840,524,233,270,1019,681
20161230,620,287,139,420,110,430,800,476,244,306,991,599
20161231,342,253,76,324,72,276,516,284,128,191,563,446
